Combination,Feature,Percentage,Algorithm,Mean RMSE,Mean NRMSE
combination_1_ABCD,B,10,KNN,0.5084130974421228,0.06125459005326781
combination_1_ABCD,B,10,MICE,0.4852102273496059,0.05845906353609709
combination_1_ABCD,B,10,RandomForest,0.47980748795656447,0.05780813107910415
