Combination,Feature,Percentage,Algorithm,Mean RMSE,Mean NRMSE
combination_1_ABCD,C,20,KNN,0.7540006928019148,0.11892755406970265
combination_1_ABCD,C,20,MICE,0.758540853123395,0.11964366768507809
combination_1_ABCD,C,20,RandomForest,0.8131344534959435,0.12825464566182077
