Combination,Feature,Percentage,Algorithm,Mean RMSE,Mean NRMSE
combination_3_ABCDF,C,15,KNN,0.6355047014140796,0.1053904977469452
combination_3_ABCDF,C,15,MICE,0.6056601171321195,0.10044114711975449
combination_3_ABCDF,C,15,RandomForest,0.5416091977806995,0.08981910410956875
