Combination,Feature,Percentage,Algorithm,Mean RMSE,Mean NRMSE
combination_3_ABCDF,D,15,KNN,0.5238058410723173,0.09958285951945195
combination_3_ABCDF,D,15,MICE,0.5148790662185254,0.09788575403394016
combination_3_ABCDF,D,15,RandomForest,0.515440303612613,0.09799245315829144
