Combination,Feature,Percentage,Algorithm,Mean RMSE,Mean NRMSE
combination_2_ABCDE,C,10,KNN,0.5757900846960284,0.09081862534637672
combination_2_ABCDE,C,10,MICE,0.5308519425891242,0.083730590313742
combination_2_ABCDE,C,10,RandomForest,0.5420350539012481,0.08549448799704229
