Combination,Feature,Percentage,Algorithm,Mean RMSE,Mean NRMSE
combination_3_ABCDF,B,20,KNN,0.7857046403785511,0.10603301489589083
combination_3_ABCDF,B,20,MICE,0.7299365573712558,0.09850695780988605
combination_3_ABCDF,B,20,RandomForest,0.5173078785214907,0.06981212935512693
