Combination,Feature,Percentage,Algorithm,Mean RMSE,Mean NRMSE
combination_2_ABCDE,D,15,KNN,0.440868767291182,0.07549122727588731
combination_2_ABCDE,D,15,MICE,0.3763807047608056,0.06444875081520643
combination_2_ABCDE,D,15,RandomForest,0.40023725717514713,0.06853377691355257
