Combination,Feature,Percentage,Algorithm,Mean RMSE,Mean NRMSE
combination_3_ABCDF,A,20,KNN,0.41401520994625207,0.07901053624928477
combination_3_ABCDF,A,20,MICE,0.4143088515670768,0.0790665747265414
combination_3_ABCDF,A,20,RandomForest,0.3570810983357015,0.06814524777398885
