Combination,Feature,Percentage,Algorithm,Mean RMSE,Mean NRMSE
combination_1_ABCD,A,15,KNN,0.32517875125074097,0.056454644314364734
combination_1_ABCD,A,15,MICE,0.3146397188444473,0.05462495118827208
combination_1_ABCD,A,15,RandomForest,0.32240033610103047,0.055972280573095556
