Combination,Feature,Percentage,Algorithm,Mean RMSE,Mean NRMSE
combination_2_ABCDE,A,20,KNN,0.3770568706999313,0.06546126227429361
combination_2_ABCDE,A,20,MICE,0.3893662208665178,0.06759830223377043
combination_2_ABCDE,A,20,RandomForest,0.3858388883991633,0.06698591812485473
