Combination,Feature,Percentage,Algorithm,Mean RMSE,Mean NRMSE
combination_1_ABCD,B,15,KNN,0.6035484543785115,0.07271668125042305
combination_1_ABCD,B,15,MICE,0.6006412045082182,0.07236641018171304
combination_1_ABCD,B,15,RandomForest,0.582633677785578,0.07019682864886481
