Combination,Feature,Percentage,Algorithm,Mean RMSE,Mean NRMSE
combination_2_ABCDE,E,20,KNN,0.43359956450958953,0.07349145161179484
combination_2_ABCDE,E,20,MICE,0.3960346670344263,0.06712451983634345
combination_2_ABCDE,E,20,RandomForest,0.38710010484340013,0.06561018726159325
