Combination,Feature,Percentage,Algorithm,Mean RMSE,Mean NRMSE
combination_3_ABCDF,A,10,KNN,0.3714490182839115,0.07088721722975413
combination_3_ABCDF,A,10,MICE,0.33648596990965457,0.06421487975375088
combination_3_ABCDF,A,10,RandomForest,0.2966760685713223,0.056617570338038624
