Combination,Feature,Percentage,Algorithm,Mean RMSE,Mean NRMSE
combination_3_ABCDF,C,10,KNN,0.6025860519244549,0.09993135189460282
combination_3_ABCDF,C,10,MICE,0.592298921501725,0.09822536011637231
combination_3_ABCDF,C,10,RandomForest,0.5455786622558456,0.09047739009218005
