Combination,Feature,Percentage,Algorithm,Mean RMSE,Mean NRMSE
combination_2_ABCDE,E,15,KNN,0.3450543971041659,0.05848379611935015
combination_2_ABCDE,E,15,MICE,0.3333755052582716,0.056504322925130766
combination_2_ABCDE,E,15,RandomForest,0.3153669450778783,0.05345202458947092
