Combination,Feature,Percentage,Algorithm,Mean RMSE,Mean NRMSE
combination_3_ABCDF,F,20,KNN,0.5841370400209651,0.07229418812140657
combination_3_ABCDF,F,20,MICE,0.6000754272358055,0.0742667607965106
combination_3_ABCDF,F,20,RandomForest,0.6920420951673079,0.08564877415436979
