Combination,Feature,Percentage,Algorithm,Mean RMSE,Mean NRMSE
combination_2_ABCDE,E,10,KNN,0.2722104670407627,0.046137367295044515
combination_2_ABCDE,E,10,MICE,0.26190508306711435,0.044390692045273614
combination_2_ABCDE,E,10,RandomForest,0.26390179848153006,0.04472911838670002
