Combination,Feature,Percentage,Algorithm,Mean RMSE,Mean NRMSE
combination_3_ABCDF,B,15,KNN,0.5430530704927418,0.07328651423653733
combination_3_ABCDF,B,15,MICE,0.4756480409494026,0.06419001902151181
combination_3_ABCDF,B,15,RandomForest,0.41661207387161453,0.05622295193948914
