Combination,Feature,Percentage,Algorithm,Mean RMSE,Mean NRMSE
combination_1_ABCD,C,10,KNN,0.5038453761060684,0.07947087951199817
combination_1_ABCD,C,10,MICE,0.5065592208644244,0.07989893073571364
combination_1_ABCD,C,10,RandomForest,0.5373837281289727,0.08476084039889159
