Combination,Feature,Percentage,Algorithm,Mean RMSE,Mean NRMSE
combination_2_ABCDE,B,20,KNN,0.7999865830399081,0.09638392566745879
combination_2_ABCDE,B,20,MICE,0.7565597489031479,0.09115177697628288
combination_2_ABCDE,B,20,RandomForest,0.7315450003728516,0.08813795185215081
