Combination,Feature,Percentage,Algorithm,Mean RMSE,Mean NRMSE
combination_3_ABCDF,F,15,KNN,0.47083424306299354,0.058271564735519
combination_3_ABCDF,F,15,MICE,0.482115371399193,0.05966774398504863
combination_3_ABCDF,F,15,RandomForest,0.6028826575624797,0.07461419029238611
