Combination,Feature,Percentage,Algorithm,Mean RMSE,Mean NRMSE
combination_2_ABCDE,B,10,KNN,0.4968274556147124,0.05985872959213402
combination_2_ABCDE,B,10,MICE,0.5200334510786612,0.06265463266007965
combination_2_ABCDE,B,10,RandomForest,0.5265404153415508,0.06343860425801817
