Combination,Feature,Percentage,Algorithm,Mean RMSE,Mean NRMSE
combination_1_ABCD,D,10,KNN,0.3867373252491776,0.0662221447344482
combination_1_ABCD,D,10,MICE,0.3568011027391873,0.061096079236162205
combination_1_ABCD,D,10,RandomForest,0.36793136468287513,0.06300194600734163
