Combination,Feature,Percentage,Algorithm,Mean RMSE,Mean NRMSE
combination_2_ABCDE,D,10,KNN,0.34970475982375876,0.05988095202461622
combination_2_ABCDE,D,10,MICE,0.31447252623348787,0.053848035313953393
combination_2_ABCDE,D,10,RandomForest,0.32117423929405536,0.054995588920214965
