Combination,Feature,Percentage,Algorithm,Mean RMSE,Mean NRMSE
combination_1_ABCD,A,10,KNN,0.26170158344853134,0.04543430268203668
combination_1_ABCD,A,10,MICE,0.26741170079924237,0.04642564249986845
combination_1_ABCD,A,10,RandomForest,0.250121366347408,0.04342384832420276
