Combination,Feature,Percentage,Algorithm,Mean RMSE,Mean NRMSE
combination_2_ABCDE,C,15,KNN,0.6738991489539347,0.1062932411599266
combination_2_ABCDE,C,15,MICE,0.6412448745311303,0.10114272468945276
combination_2_ABCDE,C,15,RandomForest,0.6623158538052857,0.10446622299767913
