Combination,Feature,Percentage,Algorithm,Mean RMSE,Mean NRMSE
combination_1_ABCD,C,15,KNN,0.6122429871826618,0.09656829450830626
combination_1_ABCD,C,15,MICE,0.6263592577998094,0.09879483561511189
combination_1_ABCD,C,15,RandomForest,0.6511183651739537,0.10270005759841541
