Combination,Feature,Percentage,Algorithm,Mean RMSE,Mean NRMSE
combination_3_ABCDF,D,10,KNN,0.5108535023229732,0.09712043770398732
combination_3_ABCDF,D,10,MICE,0.5111857785040179,0.09718360808061174
combination_3_ABCDF,D,10,RandomForest,0.47847022841943404,0.09096392175274412
