Combination,Feature,Percentage,Algorithm,Mean RMSE,Mean NRMSE
combination_2_ABCDE,B,15,KNN,0.6471610713639789,0.07797121341734684
combination_2_ABCDE,B,15,MICE,0.6242610123153762,0.07521217015847906
combination_2_ABCDE,B,15,RandomForest,0.6199166113107308,0.07468874835069046
