Combination,Feature,Percentage,Algorithm,Mean RMSE,Mean NRMSE
combination_1_ABCD,D,20,KNN,0.5806201273327698,0.09942125468026879
combination_1_ABCD,D,20,MICE,0.5414898079895619,0.09272085753245922
combination_1_ABCD,D,20,RandomForest,0.5534733052222497,0.09477282623668658
