Combination,Feature,Percentage,Algorithm,Mean RMSE,Mean NRMSE
combination_3_ABCDF,C,20,KNN,0.8280399396289153,0.13732005632320327
combination_3_ABCDF,C,20,MICE,0.6580165620663262,0.1091238079711984
combination_3_ABCDF,C,20,RandomForest,0.7332880918251955,0.12160664872722977
