Combination,Feature,Percentage,Algorithm,Mean RMSE,Mean NRMSE
combination_2_ABCDE,A,15,KNN,0.3123302583538222,0.05422400318642745
combination_2_ABCDE,A,15,MICE,0.3333183209077769,0.05786776404648904
combination_2_ABCDE,A,15,RandomForest,0.33113925271933553,0.05748945359710685
