Combination,Feature,Percentage,Algorithm,Mean RMSE,Mean NRMSE
combination_1_ABCD,A,20,KNN,0.38424507280370807,0.06670921402842153
combination_1_ABCD,A,20,MICE,0.3766708383468799,0.06539424276855552
combination_1_ABCD,A,20,RandomForest,0.3839711943412854,0.06666166568425091
