Combination,Feature,Percentage,Algorithm,Mean RMSE,Mean NRMSE
combination_3_ABCDF,A,15,KNN,0.38247948027895695,0.07299226722880861
combination_3_ABCDF,A,15,MICE,0.34432193874709427,0.06571029365402564
combination_3_ABCDF,A,15,RandomForest,0.3254761676868524,0.062113772459322994
