Combination,Feature,Percentage,Algorithm,Mean RMSE,Mean NRMSE
combination_2_ABCDE,A,10,KNN,0.2600766156402061,0.045152190215313553
combination_2_ABCDE,A,10,MICE,0.2780615732671697,0.04827457869221694
combination_2_ABCDE,A,10,RandomForest,0.2616534735088023,0.045425950261944834
