Combination,Feature,Percentage,Algorithm,Mean RMSE,Mean NRMSE
combination_2_ABCDE,C,20,KNN,0.7909996050005688,0.12476334463731369
combination_2_ABCDE,C,20,MICE,0.7636306816448974,0.1204464797547157
combination_2_ABCDE,C,20,RandomForest,0.7488170673697768,0.11810994753466512
