Combination,Feature,Percentage,Algorithm,Mean RMSE,Mean NRMSE
combination_3_ABCDF,D,20,KNN,0.7400699696221693,0.14069771285592572
combination_3_ABCDF,D,20,MICE,0.6605827640715302,0.12558607681968253
combination_3_ABCDF,D,20,RandomForest,0.7216107478092075,0.13718835509680752
