Combination,Feature,Percentage,Algorithm,Mean RMSE,Mean NRMSE
combination_1_ABCD,D,15,KNN,0.4770105806443177,0.08167989394594481
combination_1_ABCD,D,15,MICE,0.4362937255886779,0.07470782972408867
combination_1_ABCD,D,15,RandomForest,0.44473682099226225,0.07615356523840104
