Combination,Feature,Percentage,Algorithm,Mean RMSE,Mean NRMSE
combination_3_ABCDF,B,10,KNN,0.49722610445165233,0.06710203838753741
combination_3_ABCDF,B,10,MICE,0.4461736512023659,0.06021236858331523
combination_3_ABCDF,B,10,RandomForest,0.29803861739399584,0.04022113595060672
