Combination,Feature,Percentage,Algorithm,Mean RMSE,Mean NRMSE
combination_1_ABCD,B,20,KNN,0.7693191530636694,0.09268905458598425
combination_1_ABCD,B,20,MICE,0.7345065809570238,0.08849476879000287
combination_1_ABCD,B,20,RandomForest,0.6674801337643238,0.08041929322461731
