Combination,Feature,Percentage,Algorithm,Mean RMSE,Mean NRMSE
combination_3_ABCDF,F,10,KNN,0.43322515221279784,0.05361697428376211
combination_3_ABCDF,F,10,MICE,0.45068888243285193,0.055778327033768796
combination_3_ABCDF,F,10,RandomForest,0.5561553982716348,0.06883111364747956
